Issued,Paid,Status,Location,Ward,Ticket Destination,Zone Name,Outstanding,Offence
01/04/2020 10:56,-£35.00,Pre-NtO Full Rate,Dantzic Street (City Centre),Piccadilly,Affixed to vehicle,No Waiting At Any Time,£0.00,1
01/04/2020 11:35,£0.00,Pre-NtO Full Rate,Salmon Street,Piccadilly,Affixed to vehicle,GV Loading Bay,£70.00,23
01/04/2020 12:06,-£35.00,Pre-NtO Discount,Spear Street (City Centre),Piccadilly,Affixed to vehicle,GV Loading Bay,£0.00,23
01/04/2020 12:09,-£35.00,Pre-NtO Discount,Spear Street (City Centre),Piccadilly,Affixed to vehicle,GV Loading Bay,£0.00,23
01/04/2020 14:54,-£35.00,Pre-NtO Discount,Stocks Street,Cheetham,Affixed to vehicle,No Waiting At Any Time,£0.00,1
01/04/2020 15:35,-£35.00,Pre-NtO Discount,Tib Street (City Centre),Piccadilly,Affixed to vehicle,GV Loading Bay,£0.00,23
01/04/2020 16:21,-£35.00,Pre-NtO Discount,Sidney Street,Hulme,Affixed to vehicle,Gv Loading Bay,£0.00,23
01/04/2020 18:19,-£70.00,Post NtO,Park Crescent,Rusholme,Affixed to vehicle,Disabled Persons Parking Place,£0.00,40
02/04/2020 08:39,£0.00,Post NtO,Boond Street,Anc & Besw,Affixed to vehicle,Restricted Area,£70.00,1
02/04/2020 08:40,-£35.00,Pre-NtO Discount,Pollard Street,Anc & Besw,Affixed to vehicle,No Waiting,£0.00,1
02/04/2020 08:42,-£35.00,Pre-NtO Discount,Pollard Street,Anc & Besw,Affixed to vehicle,No Waiting,£0.00,1
02/04/2020 09:04,-£35.00,Pre-NtO Discount,Sidney Street,Hulme,Affixed to vehicle,Disabled Persons Parking Place,£0.00,40
02/04/2020 09:12,-£35.00,Pre-NtO Full Rate,Broom Lane,Levenshulme,Affixed to vehicle,Restricted Area,£0.00,1
02/04/2020 09:15,-£35.00,Pre-NtO Discount,Booth Street East,Hulme,Affixed to vehicle,Disabled Bay,£0.00,40
02/04/2020 09:15,-£35.00,Pre-NtO Discount,Booth Street East,Hulme,Affixed to vehicle,Disabled Bay,£0.00,40
02/04/2020 10:44,-£70.00,Post NtO,Scotland,Cheetham,Affixed to vehicle,Restricted Areas,£0.00,1
02/04/2020 10:49,-£35.00,Post NtO,Scotland,Cheetham,Affixed to vehicle,Restricted Areas,£0.00,1
02/04/2020 12:05,-£35.00,Pre-NtO Discount,Great Marlborough Street,Deansgate,Affixed to vehicle,No Waiting,£0.00,1
02/04/2020 12:27,-£70.00,Post NtO,Hewitt Street,Deansgate,Affixed to vehicle,No Waiting,£0.00,1
02/04/2020 12:32,-£35.00,Pre-NtO Discount,Thomas Street (Cheetham),Cheetham,Affixed to vehicle,Restricted Area,£0.00,23
02/04/2020 13:43,£0.00,Cancelled,Grey Mare Lane,Anc & Besw,Affixed to vehicle,Pedestrian Crossing,£0.00,99
02/04/2020 14:01,-£35.00,Pre-NtO Discount,BALE STREET,Southern Lap,Affixed to vehicle,GV Loading Bay,£0.00,23
02/04/2020 14:29,-£70.00,Post NtO,Stamford Road (Longsight),Longsight,Affixed to vehicle,Disabled Persons Parking Place,£0.00,40
02/04/2020 15:03,-£35.00,Pre-NtO Discount,Rusholme Place (Rusholme),Rusholme,Affixed to vehicle,No Loading at Any Time,£0.00,2
02/04/2020 15:08,£0.00,Cancelled,Park Crescent,Rusholme,Spoil,Disabled Persons Parking Place,£0.00,40
02/04/2020 15:53,£0.00,Cancelled,Bootle Street,Deansgate,Spoil,Pay and Display Parking,£0.00,21
02/04/2020 16:47,-£70.00,Post NtO,Egerton Crescent,Withington,Affixed to vehicle,Disabled Persons Parking Place,£0.00,40
02/04/2020 17:01,-£35.00,Pre-NtO Discount,St Mary`s Gate,Deansgate,Affixed to vehicle,Taxi Stand,£0.00,45
02/04/2020 17:06,-£35.00,Pre-NtO Discount,Market Street (Deansgate),Deansgate,Affixed to vehicle,Restricted Area,£0.00,23
02/04/2020 17:21,£0.00,Post CC,Manchester Road,Chorlton,Affixed to vehicle,No Waiting At Any Time,£105.00,1
03/04/2020 08:44,-£35.00,Pre-NtO Discount,Red Bank,Cheetham,Affixed to vehicle,Restricted Area,£0.00,1
03/04/2020 08:47,-£35.00,Pre-NtO Discount,Red Bank,Cheetham,Affixed to vehicle,Restricted Area,£0.00,1
03/04/2020 09:01,-£35.00,Pre-NtO Discount,Dantzic Street (Cheetham),Cheetham,Affixed to vehicle,No Waiting At Any Time,£0.00,1
03/04/2020 09:21,-£35.00,Pre-NtO Discount,Denmark Road,Ardwick,Affixed to vehicle,Restricted Area,£0.00,23
03/04/2020 09:51,-£105.00,Post CC,Ellesmere Road,Chorlton,Postal-vehicle drive away,No Waiting At Any Time,£0.00,1
03/04/2020 10:16,-£35.00,Pre-NtO Full Rate,Hathersage Road,Ardwick,Affixed to vehicle,No Loading,£0.00,2
03/04/2020 10:19,£0.00,Pre-NtO Full Rate,Hathersage Road,Ardwick,Affixed to vehicle,No Loading,£70.00,2
03/04/2020 11:11,£0.00,Cancelled,Higher Ardwick,Ardwick,Affixed to vehicle,No Waiting,£0.00,1
03/04/2020 12:43,-£35.00,Pre-NtO Discount,INCHLEY ROAD,Ardwick,Affixed to vehicle,No Loading At Any Time,£0.00,2
03/04/2020 16:14,-£35.00,Pre-NtO Discount,Booth Street East,Hulme,Affixed to vehicle,Disabled Bay,£0.00,40
03/04/2020 16:51,-£35.00,Pre-NtO Discount,Lower Chatham Street (Hulme),Hulme,Affixed to vehicle,No Waiting At Any Time,£0.00,1
04/04/2020 08:44,-£35.00,Pre-NtO Discount,Murray Street,Anc & Besw,Affixed to vehicle,No Waiting,£0.00,1
04/04/2020 08:56,-£35.00,Pre-NtO Discount,Hood Street,Anc & Besw,Affixed to vehicle,No Waiting,£0.00,1
04/04/2020 09:10,-£35.00,Pre-NtO Full Rate,Loom Street,Anc & Besw,Affixed to vehicle,No Waiting,£0.00,1
04/04/2020 11:33,-£105.00,Post CC,Broadfield Road (Moss Side),Moss Side,Affixed to vehicle,Restricted Area,£0.00,1
04/04/2020 12:18,-£35.00,Pre-NtO Discount,Moss Lane East (Rusholme),Moss Side,Affixed to vehicle,Restricted Street,£0.00,1
04/04/2020 12:18,-£35.00,Pre-NtO Discount,Moss Lane East (Rusholme),Moss Side,Affixed to vehicle,Restricted Street,£0.00,1
04/04/2020 14:03,£0.00,Post CC,Joiner Street,Piccadilly,Affixed to vehicle,No Waiting At Any Time,£105.00,1
04/04/2020 14:08,-£70.00,Pre-NtO Discount,Union Street (City Centre),Piccadilly,Affixed to vehicle,No Waiting At Any Time,£0.00,1
05/04/2020 10:18,£0.00,Post CC,Ashton Old Road (Clayton & Openshaw),Clayt & Open,Affixed to vehicle,Restricted Area,£105.00,47
05/04/2020 11:19,-£105.00,Post CC,Furness Road,Fallowfield,Affixed to vehicle,No Waiting At Any Time,£0.00,1
05/04/2020 12:28,-£35.00,Pre-NtO Discount,Stocks Street East,Cheetham,Affixed to vehicle,No Waiting At Any Time,£0.00,1
05/04/2020 12:29,£0.00,Post CC,Lord Street,Cheetham,Affixed to vehicle,No Waiting At Any Time,£105.00,27
05/04/2020 12:49,£0.00,Cancelled,Spear Street,Piccadilly,Affixed to vehicle,Restricted Area,£0.00,1
05/04/2020 13:53,-£105.00,Post CC,Princess Street (Deansgate : ZONEB),Deansgate,Postal - Prevented From Serving,Restricted Area,£0.00,2
06/04/2020 08:08,-£70.00,Post NtO,LINNET CLOSE,Ardwick,Affixed to vehicle,No Waiting,£0.00,1
06/04/2020 08:36,£0.00,Post CC,BRICK STREET,NorthQuarter,Affixed to vehicle,Disabled Persons Parking Place,£105.00,40
06/04/2020 08:37,-£70.00,Pre-NtO Discount,BRICK STREET,NorthQuarter,Affixed to vehicle,Disabled Persons Parking Place,£0.00,40
06/04/2020 08:50,£0.00,Post CC,Joiner Street,Piccadilly,Affixed to vehicle,No Waiting At Any Time,£105.00,1
06/04/2020 09:00,-£35.00,Pre-NtO Discount,Shentonfield Road,Sharston,Affixed to vehicle,Restricted Area,£0.00,1
06/04/2020 09:32,£0.00,Cancelled,Gartside Street,Deansgate,Affixed to vehicle,No Waiting At Any Time,£0.00,1
06/04/2020 14:00,-£35.00,Pre-NtO Discount,York Street (City Centre),Deansgate,Affixed to vehicle,Restricted Area,£0.00,40
06/04/2020 16:46,-£35.00,Pre-NtO Discount,Wilbraham Road (Chorlton),Chorlton,Handed To Driver,School Entrance Marking,£0.00,99
06/04/2020 18:14,£0.00,Post CC,Ellesmere Street,Hulme,Handed To Driver,No Waiting At Any Time,£105.00,1
07/04/2020 09:29,-£35.00,Pre-NtO Discount,Portway,Woodh Park,Affixed to vehicle,Bus Stop,£0.00,47
07/04/2020 10:41,-£35.00,Pre-NtO Discount,Wilmslow Road (DidsburyWest),DidsburyWest,Affixed to vehicle,GV Loading Bay,£0.00,23
07/04/2020 11:02,-£70.00,Post NtO,Old Moat Lane,Old Moat,Affixed to vehicle,No Waiting At Any Time,£0.00,1
07/04/2020 11:29,-£35.00,Pre-NtO Discount,Water Street (Hulme),Hulme,Affixed to vehicle,No Waiting At Any Time,£0.00,1
07/04/2020 11:30,-£35.00,Pre-NtO Discount,Water Street (Hulme),Hulme,Affixed to vehicle,No Waiting At Any Time,£0.00,1
07/04/2020 12:46,-£35.00,Pre-NtO Discount,Boundary Lane,Hulme,Affixed to vehicle,Pedestrian Crossing,£0.00,99
07/04/2020 14:04,-£35.00,Pre-NtO Discount,High Street (City Centre),Piccadilly,Affixed to vehicle,Taxi Stand,£0.00,45
07/04/2020 17:20,-£35.00,Pre-NtO Discount,Stockport Road (Longsight),Longsight,Affixed to vehicle,No Loading at Any Time,£0.00,2
08/04/2020 08:53,-£35.00,Pre-NtO Discount,Brookfield Road,Crumpsall,Affixed to vehicle,No Waiting At Any Time,£0.00,1
08/04/2020 11:22,-£35.00,Pre-NtO Discount,King Street,Deansgate,Affixed to vehicle,Disabled Persons Parking Place,£0.00,40
08/04/2020 11:53,-£35.00,Pre-NtO Discount,Grosvenor Street,Ardwick,Affixed to vehicle,GV Loading Bay,£0.00,23
08/04/2020 12:20,-£35.00,Pre-NtO Discount,Woodlands Street (Cheetham),Cheetham,Affixed to vehicle,Restricted Area,£0.00,1
08/04/2020 12:22,-£35.00,Pre-NtO Discount,Chester Street,Deansgate,Affixed to vehicle,No Waiting,£0.00,1
08/04/2020 14:32,-£35.00,Pre-NtO Discount,Boond Street,Anc & Besw,Affixed to vehicle,Restricted Area,£0.00,1
08/04/2020 14:33,£0.00,Post CC,Boond Street,Anc & Besw,Affixed to vehicle,Restricted Area,£105.00,1
08/04/2020 16:23,-£35.00,Pre-NtO Discount,Market Street (Piccadilly),Piccadilly,Affixed to vehicle,Restricted Area,£0.00,40
08/04/2020 16:56,-£35.00,Pre-NtO Discount,Wilmslow Road (DidsburyEast),DidsburyEast,Affixed to vehicle,Bus stop clearway,£0.00,47
09/04/2020 09:37,-£70.00,Pre-NtO Full Rate,Sedgley Road,Crumpsall,Affixed to vehicle,Restricted Area,£0.00,1
09/04/2020 10:52,-£35.00,Pre-NtO Discount,Albyns Avenue,Cheetham,Affixed to vehicle,No Waiting At Any Time,£0.00,1
09/04/2020 12:34,-£35.00,Pre-NtO Discount,Oxney Road,Rusholme,Affixed to vehicle,No Waiting At Any Time,£0.00,27
09/04/2020 12:42,£0.00,Post CC,Park Crescent,Rusholme,Handed To Driver,Disabled Persons Parking Place,£105.00,40
09/04/2020 14:42,-£70.00,Pre-NtO Discount,FEDERATION STREET,NorthQuarter,Affixed to vehicle,No Waiting At Any Time,£0.00,27
09/04/2020 15:20,-£35.00,Pre-NtO Discount,Tib Street (City Centre),Piccadilly,Affixed to vehicle,GV Loading Bay,£0.00,23
11/04/2020 08:44,-£35.00,Pre-NtO Discount,George Leigh Street,Anc & Besw,Affixed to vehicle,No Waiting,£0.00,1
11/04/2020 08:49,-£35.00,Post NtO,George Leigh Street,Anc & Besw,Affixed to vehicle,No Waiting,£0.00,1
11/04/2020 09:00,£0.00,Pre-NtO Full Rate,Portugal Street,Anc & Besw,Affixed to vehicle,No Waiting,£70.00,1
11/04/2020 10:00,-£105.00,Post CC,George Leigh Street,Anc & Besw,Affixed to vehicle,No Waiting,£0.00,1
11/04/2020 10:11,£0.00,Cancelled,Spear Street (City Centre),Piccadilly,Affixed to vehicle,No Waiting At Any Time,£0.00,1
11/04/2020 11:49,-£70.00,Post NtO,Old Church Street,MP & NH,Affixed to vehicle,No Waiting At Any Time,£0.00,1
11/04/2020 12:15,-£70.00,Post NtO,Brookfield Road,Crumpsall,Affixed to vehicle,No Waiting At Any Time,£0.00,1
11/04/2020 12:42,-£35.00,Pre-NtO Discount,Cheetham Hill Road,Cheetham,Affixed to vehicle,Restricted Area,£0.00,47
11/04/2020 12:47,-£35.00,Pre-NtO Discount,Mitre Road,Longsight,Affixed to vehicle,GV Loading Bay,£0.00,23
11/04/2020 13:08,£0.00,Post CC,Scotland,Cheetham,Affixed to vehicle,Restricted Areas,£105.00,1
11/04/2020 14:31,-£35.00,Pre-NtO Discount,Middleton Road (Crumpsall),Crumpsall,Affixed to vehicle,No Waiting,£0.00,1
11/04/2020 14:34,-£35.00,Pre-NtO Discount,Middleton Road (Crumpsall),Crumpsall,Affixed to vehicle,No Waiting At Any Time,£0.00,1
12/04/2020 08:42,£0.00,Post CC,Boond Street,Anc & Besw,Affixed to vehicle,Restricted Area,£105.00,1
12/04/2020 09:04,£0.00,Pre-NtO Full Rate,St Vincent Street,Anc & Besw,Affixed to vehicle,Restricted Area,£70.00,27
12/04/2020 09:50,-£35.00,Pre-NtO Discount,Blossom Street,Anc & Besw,Affixed to vehicle,No Waiting At Any Time,£0.00,1
12/04/2020 13:14,£0.00,Cancelled,Allandale Road,Rusholme,Spoil,No Loading at Any Time,£0.00,2
12/04/2020 15:03,-£35.00,Pre-NtO Discount,Ashton Old Road (Clayton & Openshaw),Clayt & Open,Affixed to vehicle,Restricted Area,£0.00,1
13/04/2020 11:05,-£70.00,Post NtO,Pickford Street,Anc & Besw,Affixed to vehicle,No Waiting At Any Time,£0.00,1
13/04/2020 16:25,-£35.00,Pre-NtO Discount,FEDERATION STREET,NorthQuarter,Affixed to vehicle,No Waiting At Any Time,£0.00,1
14/04/2020 08:50,-£35.00,Pre-NtO Discount,BRICK STREET,NorthQuarter,Affixed to vehicle,Disabled Persons Parking Place,£0.00,40
14/04/2020 11:34,-£105.00,Post CC,Gartside Street,Deansgate,Affixed to vehicle,No Waiting At Any Time,£0.00,1
14/04/2020 11:46,-£35.00,Pre-NtO Discount,Lever Street (City Centre),Piccadilly,Affixed to vehicle,No Waiting At Any Time,£0.00,1
14/04/2020 12:18,-£35.00,Pre-NtO Discount,Stockport Road (Longsight),Longsight,Affixed to vehicle,No Waiting At Any Time,£0.00,1
14/04/2020 12:39,-£35.00,Pre-NtO Discount,Hamilton Road,Longsight,Affixed to vehicle,No Waiting,£0.00,1
14/04/2020 13:18,-£35.00,Pre-NtO Discount,King Street,Deansgate,Affixed to vehicle,GV Loading Bay,£0.00,26
14/04/2020 13:23,-£35.00,Pre-NtO Discount,St Ann Street,Deansgate,Affixed to vehicle,Parking Places,£0.00,16
14/04/2020 13:31,-£35.00,Post NtO,Stamford Road (Longsight),Longsight,Postal-vehicle drive away,Disabled Persons Parking Place,£0.00,40
14/04/2020 17:31,-£35.00,Pre-NtO Discount,Stockport Road (Longsight),Longsight,Affixed to vehicle,No Loading at Any Time,£0.00,2
14/04/2020 17:34,-£35.00,Post NtO,Stockport Road (Longsight),Longsight,Postal - Prevented From Serving,No Loading,£0.00,2
14/04/2020 17:36,-£35.00,Pre-NtO Discount,Stockport Road (Longsight),Longsight,Affixed to vehicle,No Loading at Any Time,£0.00,2
14/04/2020 17:41,-£35.00,Pre-NtO Discount,Rainforth Street,Longsight,Affixed to vehicle,Taxi Stand,£0.00,45
15/04/2020 11:02,-£35.00,Pre-NtO Discount,Denmark Road (Hulme),Hulme,Affixed to vehicle,No Waiting At Any Time,£0.00,1
15/04/2020 11:16,-£35.00,Pre-NtO Discount,Oxford Road (Hulme),Hulme,Affixed to vehicle,Gv Loading Bay,£0.00,23
15/04/2020 11:51,-£35.00,Pre-NtO Discount,INCHLEY ROAD,Ardwick,Affixed to vehicle,No Waiting At Any Time,£0.00,27
15/04/2020 12:53,-£35.00,Pre-NtO Discount,Booth Street East,Hulme,Affixed to vehicle,Disabled Bay,£0.00,40
15/04/2020 12:53,-£70.00,Post NtO,Booth Street East,Hulme,Affixed to vehicle,Disabled Bay,£0.00,40
15/04/2020 12:55,-£35.00,Pre-NtO Discount,Booth Street East,Hulme,Affixed to vehicle,No Waiting,£0.00,1
15/04/2020 12:56,-£35.00,Pre-NtO Discount,Booth Street East,Hulme,Affixed to vehicle,Disabled Bay,£0.00,40
15/04/2020 12:58,-£35.00,Pre-NtO Discount,Booth Street East,Hulme,Affixed to vehicle,No Waiting At Any Time,£0.00,1
15/04/2020 12:58,-£35.00,Pre-NtO Discount,Booth Street East,Hulme,Affixed to vehicle,No Waiting,£0.00,1
15/04/2020 13:00,-£35.00,Pre-NtO Discount,Booth Street East,Hulme,Affixed to vehicle,No Waiting,£0.00,1
15/04/2020 13:01,-£35.00,Pre-NtO Discount,Queen Street,Deansgate,Affixed to vehicle,No Waiting At Any Time,£0.00,1
15/04/2020 13:03,-£35.00,Pre-NtO Discount,Booth Street East,Hulme,Affixed to vehicle,No Waiting,£0.00,1
15/04/2020 13:06,-£35.00,Pre-NtO Discount,Booth Street East,Hulme,Affixed to vehicle,No Waiting,£0.00,1
15/04/2020 13:06,-£35.00,Pre-NtO Discount,Booth Street East,Hulme,Affixed to vehicle,No Waiting At Any Time,£0.00,1
15/04/2020 13:10,-£35.00,Pre-NtO Discount,Booth Street East,Hulme,Affixed to vehicle,No Waiting,£0.00,1
15/04/2020 13:12,-£35.00,Pre-NtO Discount,Booth Street East,Hulme,Affixed to vehicle,No Waiting At Any Time,£0.00,1
15/04/2020 16:25,-£35.00,Pre-NtO Discount,Deansgate,Deansgate,Affixed to vehicle,No Waiting At Any Time,£0.00,1
15/04/2020 16:32,-£70.00,Post NtO,Moorfield Street,Old Moat,Affixed to vehicle,No Waiting At Any Time,£0.00,1
15/04/2020 16:33,-£35.00,Pre-NtO Discount,St Mary`s Gate,Deansgate,Affixed to vehicle,Taxi Stand,£0.00,45
15/04/2020 17:01,£0.00,Cancelled,St Chad`s Street,Cheetham,Affixed to vehicle,Restricted Area,£0.00,1
15/04/2020 17:03,-£35.00,Pre-NtO Discount,St Chad`s Street,Cheetham,Affixed to vehicle,Restricted Area,£0.00,1
15/04/2020 17:31,£0.00,Pre-NtO Full Rate,Shudehill (City Centre),Piccadilly,Affixed to vehicle,GV Loading Bay,£70.00,23
15/04/2020 17:33,-£35.00,Pre-NtO Discount,Shudehill (City Centre),Piccadilly,Affixed to vehicle,GV Loading Bay,£0.00,23
16/04/2020 08:58,-£35.00,Pre-NtO Discount,Greek Street,Ardwick,Affixed to vehicle,Restricted Area,£0.00,1
16/04/2020 09:19,-£35.00,Pre-NtO Discount,Lower Ormond Street (Hulme),Hulme,Affixed to vehicle,Disabled Bay,£0.00,40
16/04/2020 09:32,-£35.00,Pre-NtO Discount,Lower Ormond Street (Hulme),Hulme,Affixed to vehicle,No Waiting At Any Time,£0.00,1
16/04/2020 10:13,-£35.00,Pre-NtO Discount,Booth Street West,Hulme,Affixed to vehicle,Disabled Persons Parking Place,£0.00,40
16/04/2020 10:14,-£35.00,Pre-NtO Discount,Booth Street West,Hulme,Affixed to vehicle,Disabled Persons Parking Place,£0.00,40
16/04/2020 11:10,-£35.00,Pre-NtO Discount,Pollard Street,Anc & Besw,Affixed to vehicle,No Waiting,£0.00,1
16/04/2020 11:14,£0.00,Post CC,Boond Street,Anc & Besw,Affixed to vehicle,Restricted Area,£105.00,1
16/04/2020 11:29,-£105.00,Post CC,NEW UNION STREET,Central,Handed To Driver,Restricted Area,£0.00,1
16/04/2020 11:30,-£35.00,Pre-NtO Discount,NEW UNION STREET,Central,Affixed to vehicle,Restricted Area,£0.00,1
16/04/2020 11:37,£0.00,Post CC,Guide Post Road,Ardwick,Affixed to vehicle,Restricted Area,£105.00,1
16/04/2020 11:40,£0.00,Cancelled,Poland Street,Anc & Besw,Affixed to vehicle,No Waiting,£0.00,1
16/04/2020 11:43,£0.00,Pre-NtO Full Rate,Silk Street (Anc&Bes),Anc & Besw,Affixed to vehicle,Restricted Area,£70.00,1
16/04/2020 11:45,-£35.00,Pre-NtO Discount,Greengage,Ardwick,Affixed to vehicle,Restricted Area,£0.00,1
16/04/2020 11:46,£0.00,Pre-NtO Full Rate,Poland Street,Anc & Besw,Affixed to vehicle,No Waiting,£70.00,1
16/04/2020 11:51,-£35.00,Pre-NtO Discount,Portugal Street,Anc & Besw,Affixed to vehicle,No Waiting,£0.00,1
16/04/2020 11:51,£0.00,Post NtO,HATTER STREET,Central,Affixed to vehicle,No Waiting At Any Time,£70.00,1
16/04/2020 12:03,-£35.00,Pre-NtO Discount,Southgate (City Centre),Deansgate,Affixed to vehicle,GV Loading Bay,£0.00,23
16/04/2020 12:40,-£35.00,Pre-NtO Discount,Rusholme Grove,Rusholme,Affixed to vehicle,No Waiting At Any Time,£0.00,1
16/04/2020 12:46,-£70.00,Pre-NtO Full Rate,Cross Street,Deansgate,Affixed to vehicle,No Loading at Any Time,£0.00,2
16/04/2020 13:19,£0.00,Pre-NtO Full Rate,Rainforth Street,Longsight,Affixed to vehicle,Taxi Stand,£70.00,45
16/04/2020 13:24,-£35.00,Pre-NtO Discount,Rainforth Street,Longsight,Handed To Driver,No Waiting,£0.00,1
16/04/2020 13:36,-£35.00,Pre-NtO Discount,Stockport Road (Longsight),Longsight,Affixed to vehicle,No Waiting,£0.00,1
16/04/2020 13:52,-£70.00,Pre-NtO Full Rate,Spear Street (City Centre),Piccadilly,Affixed to vehicle,No Waiting At Any Time,£0.00,1
16/04/2020 14:00,-£35.00,Pre-NtO Discount,Rainforth Street,Longsight,Affixed to vehicle,Taxi Stand,£0.00,45
16/04/2020 14:11,£0.00,Post CC,Tib Street (City Centre),Piccadilly,Postal-vehicle drive away,GV Loading Bay,£105.00,23
16/04/2020 14:17,£0.00,Post CC,Lever Street (City Centre),Piccadilly,Affixed to vehicle,No Waiting At Any Time,£105.00,1
16/04/2020 17:58,-£35.00,Pre-NtO Discount,Stockport Road (Longsight),Longsight,Affixed to vehicle,No Loading,£0.00,2
16/04/2020 18:04,-£70.00,Pre-NtO Full Rate,Stockport Road (Longsight),Longsight,Affixed to vehicle,No Loading,£0.00,2
16/04/2020 18:06,-£35.00,Pre-NtO Discount,Stockport Road (Longsight),Longsight,Affixed to vehicle,No Loading,£0.00,2
16/04/2020 18:09,-£35.00,Pre-NtO Discount,Stockport Road (Longsight),Longsight,Affixed to vehicle,No Loading,£0.00,2
17/04/2020 09:18,-£70.00,Pre-NtO Full Rate,Lower Ormond Street (Hulme),Hulme,Affixed to vehicle,No Waiting,£0.00,1
17/04/2020 09:29,-£35.00,Pre-NtO Discount,Shentonfield Road,Sharston,Affixed to vehicle,Restricted Area,£0.00,1
17/04/2020 09:29,-£35.00,Pre-NtO Full Rate,Shentonfield Road,Sharston,Affixed to vehicle,Restricted Area,£0.00,1
17/04/2020 11:29,£0.00,Post CC,Lord Street,Cheetham,Affixed to vehicle,No Waiting At Any Time,£105.00,1
17/04/2020 11:45,-£35.00,Pre-NtO Discount,Guide Post Road,Ardwick,Affixed to vehicle,Restricted Area,£0.00,1
17/04/2020 11:59,£0.00,Cancelled,Portsmouth Street,Hulme,Spoil,No Waiting At Any Time,£0.00,1
17/04/2020 12:11,£0.00,Cancelled,Denmark Road (Hulme),Hulme,Affixed to vehicle,Restricted Area,£0.00,40
17/04/2020 12:59,£0.00,Pre-NtO Full Rate,Stockport Road (Longsight),Longsight,Affixed to vehicle,No Waiting,£70.00,1
17/04/2020 13:15,-£35.00,Pre-NtO Discount,Kincardine Road,Ardwick,Affixed to vehicle,No Waiting At Any Time,£0.00,26
17/04/2020 13:27,-£35.00,Pre-NtO Discount,Hathersage Road,Ardwick,Affixed to vehicle,No Waiting,£0.00,1
17/04/2020 13:28,-£35.00,Pre-NtO Discount,Hartfield Close,Ardwick,Affixed to vehicle,No Waiting At Any Time,£0.00,1
17/04/2020 13:32,-£35.00,Pre-NtO Discount,Hartfield Close,Ardwick,Affixed to vehicle,No Waiting At Any Time,£0.00,1
17/04/2020 13:47,-£35.00,Pre-NtO Discount,Greenheys Lane,Hulme,Affixed to vehicle,No Waiting At Any Time,£0.00,1
17/04/2020 13:52,-£105.00,Post CC,Burlington Street,Hulme,Affixed to vehicle,No Waiting,£0.00,1
17/04/2020 13:56,-£35.00,Pre-NtO Discount,Burlington Street,Hulme,Affixed to vehicle,No Waiting,£0.00,1
17/04/2020 14:10,-£35.00,Post NtO,Stockport Road (Longsight),Longsight,Postal-vehicle drive away,No Waiting At Any Time,£0.00,1
17/04/2020 14:22,£0.00,Post CC,Stamford Road (Longsight),Longsight,Affixed to vehicle,No Waiting At Any Time,£105.00,1
17/04/2020 14:32,-£70.00,Post NtO,Hulme High Street,Hulme,Affixed to vehicle,Restricted Area,£0.00,1
17/04/2020 15:00,-£70.00,Post NtO,Stockport Road (Longsight),Longsight,Handed To Driver,No Waiting At Any Time,£0.00,1
17/04/2020 15:44,-£35.00,Pre-NtO Discount,Lower Chatham Street (Hulme),Hulme,Affixed to vehicle,No Waiting At Any Time,£0.00,1
18/04/2020 08:26,-£35.00,Pre-NtO Full Rate,Boundary Lane,Hulme,Affixed to vehicle,No Waiting At Any Time,£0.00,1
18/04/2020 08:39,-£70.00,Post NtO,Water Street (Hulme),Hulme,Affixed to vehicle,No Waiting At Any Time,£0.00,1
18/04/2020 08:40,-£105.00,Post CC,Water Street (Hulme),Hulme,Affixed to vehicle,No Waiting At Any Time,£0.00,1
18/04/2020 12:58,-£105.00,Post CC,Oxford Road (Hulme),Hulme,Postal-vehicle drive away,No Loading at Any Time,£0.00,2
18/04/2020 15:14,-£35.00,Pre-NtO Discount,Dagenham Road,Rusholme,Affixed to vehicle,No Waiting At Any Time,£0.00,1
18/04/2020 15:48,-£35.00,Pre-NtO Discount,Copson Street,Old Moat,Affixed to vehicle,Disabled Persons Parking Place,£0.00,40
18/04/2020 16:24,£0.00,Post CC,Oxford Road (City Centre),Deansgate,Postal-vehicle drive away,No Loading at Any Time,£105.00,2
18/04/2020 18:04,-£35.00,Pre-NtO Discount,St Werburghs Road (Chorlton),Chorlton,Affixed to vehicle,Restricted Area,£0.00,1
19/04/2020 08:32,£0.00,Cancelled,Chester Road (Hulme),Hulme,Affixed to vehicle,No Waiting At Any Time,£0.00,1
19/04/2020 08:55,£0.00,Post CC,Stocks Street,Cheetham,Affixed to vehicle,No Waiting At Any Time,£105.00,26
19/04/2020 09:18,£0.00,Pre-NtO Full Rate,Moss Bank,Crumpsall,Affixed to vehicle,Restricted Area,£70.00,1
19/04/2020 12:30,£0.00,Cancelled,Rusholme Place,Rusholme,Affixed to vehicle,Restricted Area,£0.00,2
19/04/2020 12:43,-£35.00,Pre-NtO Discount,Grosvenor Street,Ardwick,Affixed to vehicle,GV Loading Bay,£0.00,23
19/04/2020 15:51,-£35.00,Pre-NtO Discount,Stenner Lane (DidsburyEast),DidsburyEast,Affixed to vehicle,No Waiting At Any Time,£0.00,1
19/04/2020 15:53,-£35.00,Pre-NtO Discount,Stenner Lane (DidsburyEast),DidsburyEast,Affixed to vehicle,No Waiting At Any Time,£0.00,1
19/04/2020 15:54,-£35.00,Pre-NtO Discount,Stenner Lane (DidsburyEast),DidsburyEast,Affixed to vehicle,No Waiting At Any Time,£0.00,1
19/04/2020 16:02,-£35.00,Pre-NtO Discount,Stenner Lane (DidsburyEast),DidsburyEast,Affixed to vehicle,No Waiting At Any Time,£0.00,1
19/04/2020 16:15,-£35.00,Pre-NtO Discount,Stenner Lane (DidsburyEast),DidsburyEast,Affixed to vehicle,No Waiting At Any Time,£0.00,1
19/04/2020 16:24,-£35.00,Pre-NtO Discount,Stenner Lane (DidsburyEast),DidsburyEast,Affixed to vehicle,No Waiting At Any Time,£0.00,1
19/04/2020 16:30,£0.00,Post CC,Stenner Lane (DidsburyEast),DidsburyEast,Affixed to vehicle,No Waiting At Any Time,£105.00,1
19/04/2020 18:05,£0.00,Post CC,Well Street,Piccadilly,Affixed to vehicle,Taxi Clearway,£105.00,45
20/04/2020 08:13,£0.00,Cancelled,City Road (Hulme),Hulme,Affixed to vehicle,No Waiting At Any Time,£0.00,1
20/04/2020 08:20,-£35.00,Pre-NtO Discount,Naval Street,Anc & Besw,Affixed to vehicle,No Waiting,£0.00,1
20/04/2020 08:21,£0.00,Post CC,Arundel Street,Hulme,Affixed to vehicle,Restricted Area,£105.00,1
20/04/2020 08:27,-£35.00,Pre-NtO Discount,Water Street (Hulme),Hulme,Affixed to vehicle,No Waiting At Any Time,£0.00,1
20/04/2020 08:28,-£35.00,Pre-NtO Discount,George Leigh Street,Anc & Besw,Affixed to vehicle,No Waiting,£0.00,1
20/04/2020 08:38,-£35.00,Pre-NtO Discount,Goulden Street,Piccadilly,Affixed to vehicle,Restricted Parking,£0.00,1
20/04/2020 08:47,£0.00,Cancelled,Keppel Road,Chorlton,Affixed to vehicle,No Waiting,£0.00,1
20/04/2020 08:52,-£35.00,Pre-NtO Discount,Sharp Street,Piccadilly,Affixed to vehicle,Restricted Area,£0.00,1
20/04/2020 08:57,£0.00,Cancelled,Barlow Moor Road (Chorlton),Chorlton,Affixed to vehicle,No Waiting,£0.00,1
20/04/2020 09:00,-£35.00,Pre-NtO Discount,Sharp Street,Piccadilly,Affixed to vehicle,Restricted Area,£0.00,1
20/04/2020 09:02,-£35.00,Pre-NtO Discount,Sharp Street,Piccadilly,Affixed to vehicle,Restricted Area,£0.00,1
20/04/2020 09:14,-£35.00,Pre-NtO Discount,DURANT STREET,Central,Affixed to vehicle,Restricted Area,£0.00,1
20/04/2020 09:18,-£35.00,Pre-NtO Discount,The Beeches,DidsburyWest,Affixed to vehicle,No Waiting,£0.00,1
20/04/2020 09:24,-£35.00,Pre-NtO Discount,Burton Road (Old Moat),Old Moat,Affixed to vehicle,No Waiting,£0.00,1
20/04/2020 09:58,-£35.00,Pre-NtO Discount,Scotland,Cheetham,Affixed to vehicle,Restricted Areas,£0.00,1
20/04/2020 10:02,-£35.00,Pre-NtO Discount,Scotland,Cheetham,Affixed to vehicle,Restricted Areas,£0.00,1
20/04/2020 11:29,-£35.00,Pre-NtO Discount,Reddish Lane,Gort & Abb H,Affixed to vehicle,No Waiting,£0.00,1
20/04/2020 11:37,-£35.00,Pre-NtO Discount,Gratrix Street,Gort & Abb H,Affixed to vehicle,No Waiting At Any Time,£0.00,1
20/04/2020 11:57,-£35.00,Pre-NtO Discount,Dickenson Road,Longsight,Handed To Driver,Restricted Area,£0.00,23
20/04/2020 11:59,-£35.00,Pre-NtO Discount,Albyns Avenue,Cheetham,Affixed to vehicle,No Waiting At Any Time,£0.00,1
20/04/2020 12:05,-£35.00,Post NtO,Cheetham Hill Road (Cheetham),Cheetham,Postal-vehicle drive away,GV Loading Bay,£0.00,23
20/04/2020 12:06,£0.00,Cancelled,DENCOMBE STREET,Longsight,Spoil,GV Loading Bay,£0.00,26
20/04/2020 12:56,-£35.00,Pre-NtO Discount,Moss Bank,Crumpsall,Affixed to vehicle,Restricted Area,£0.00,1
20/04/2020 13:09,-£35.00,Pre-NtO Discount,Grandale Street,Moss Side,Affixed to vehicle,No Loading at Any Time,£0.00,2
20/04/2020 13:14,-£35.00,Pre-NtO Discount,Cheetham Hill Road (Cheetham),Cheetham,Affixed to vehicle,GV Loading Bay,£0.00,25
20/04/2020 13:15,-£35.00,Pre-NtO Discount,Cheetham Hill Road,Cheetham,Affixed to vehicle,Restricted Area,£0.00,23
20/04/2020 13:33,-£35.00,Pre-NtO Discount,Knowsley Street,Cheetham,Affixed to vehicle,No Waiting At Any Time,£0.00,1
20/04/2020 13:47,-£35.00,Pre-NtO Discount,Sagar Street,Cheetham,Affixed to vehicle,No Waiting At Any Time,£0.00,1
20/04/2020 13:48,-£35.00,Pre-NtO Discount,Sagar Street,Cheetham,Affixed to vehicle,No Waiting At Any Time,£0.00,1
20/04/2020 13:48,-£70.00,Post NtO,Sagar Street,Cheetham,Affixed to vehicle,No Waiting At Any Time,£0.00,1
20/04/2020 13:50,-£35.00,Pre-NtO Discount,Sagar Street,Cheetham,Affixed to vehicle,No Waiting At Any Time,£0.00,1
20/04/2020 13:52,-£35.00,Pre-NtO Discount,Sagar Street,Cheetham,Affixed to vehicle,No Waiting At Any Time,£0.00,1
20/04/2020 14:41,£0.00,Post CC,Rusholme Place (Rusholme),Rusholme,Affixed to vehicle,No Loading at Any Time,£105.00,2
20/04/2020 14:50,-£70.00,Post NtO,Vine Street (Clay&Op),Clayt & Open,Affixed to vehicle,Restricted Area,£0.00,1
20/04/2020 16:51,-£35.00,Pre-NtO Discount,Stockport Road (Levenshulme),Levenshulme,Affixed to vehicle,No Loading at Any Time,£0.00,2
20/04/2020 17:28,-£35.00,Pre-NtO Discount,Stenner Lane (DidsburyEast),DidsburyEast,Affixed to vehicle,No Waiting At Any Time,£0.00,1
20/04/2020 17:57,-£35.00,Pre-NtO Discount,Parsonage Road,Withington,Affixed to vehicle,No Waiting,£0.00,1
21/04/2020 08:21,-£35.00,Pre-NtO Discount,George Leigh Street,Anc & Besw,Affixed to vehicle,No Waiting,£0.00,1
21/04/2020 08:22,-£35.00,Pre-NtO Discount,Rosamond Street West,Hulme,Affixed to vehicle,Disabled Bay,£0.00,40
21/04/2020 08:23,-£35.00,Pre-NtO Discount,Rosamond Street West,Hulme,Affixed to vehicle,Disabled Bay,£0.00,40
21/04/2020 08:30,-£35.00,Pre-NtO Discount,Rosamond Street West,Hulme,Affixed to vehicle,Gv Loading Bay,£0.00,23
21/04/2020 08:34,-£35.00,Pre-NtO Discount,Gould Street,Piccadilly,Affixed to vehicle,Restricted Area,£0.00,1
21/04/2020 08:38,-£35.00,Pre-NtO Discount,Marshall Street,Piccadilly,Affixed to vehicle,No Waiting,£0.00,1
21/04/2020 08:43,-£35.00,Pre-NtO Discount,Epping Street,Hulme,Affixed to vehicle,Residents Parking,£0.00,12
21/04/2020 08:47,-£35.00,Pre-NtO Discount,Naples Street,Piccadilly,Affixed to vehicle,Restricted Parking,£0.00,1
21/04/2020 08:47,-£35.00,Pre-NtO Discount,Naples Street,Piccadilly,Affixed to vehicle,Restricted Parking,£0.00,1
21/04/2020 08:54,£0.00,Post CC,Simpson Street,Piccadilly,Affixed to vehicle,Restricted Parking,£105.00,1
21/04/2020 08:57,-£35.00,Pre-NtO Discount,Water Street (Hulme),Hulme,Affixed to vehicle,No Waiting At Any Time,£0.00,1
21/04/2020 08:59,£0.00,Post CC,Water Street (Hulme),Hulme,Affixed to vehicle,No Waiting At Any Time,£105.00,1
21/04/2020 08:59,-£35.00,Pre-NtO Discount,Water Street (Hulme),Hulme,Affixed to vehicle,No Waiting At Any Time,£0.00,1
21/04/2020 09:00,-£35.00,Pre-NtO Discount,Scotland,Cheetham,Affixed to vehicle,Restricted Areas,£0.00,1
21/04/2020 09:27,-£35.00,Post NtO,Stockport Road (Longsight),Longsight,Postal-vehicle drive away,No Loading,£0.00,2
21/04/2020 09:28,-£35.00,Pre-NtO Discount,East Road,Longsight,Affixed to vehicle,Restricted Area,£0.00,1
21/04/2020 09:40,-£35.00,Pre-NtO Discount,Broom Lane,Levenshulme,Affixed to vehicle,Restricted Area,£0.00,1
21/04/2020 09:53,-£35.00,Pre-NtO Discount,Broom Lane,Levenshulme,Affixed to vehicle,Restricted Area,£0.00,1
21/04/2020 11:41,-£70.00,Post NtO,Lower Ormond Street (Hulme),Hulme,Affixed to vehicle,No Waiting,£0.00,1
21/04/2020 11:42,-£35.00,Pre-NtO Discount,New Bridge Street,Deansgate,Affixed to vehicle,No Waiting,£0.00,1
21/04/2020 11:55,-£35.00,Pre-NtO Discount,Booth Street West,Hulme,Affixed to vehicle,Disabled Persons Parking Place,£0.00,40
21/04/2020 11:55,-£35.00,Pre-NtO Discount,Lower Chatham Street (Hulme),Hulme,Affixed to vehicle,No Waiting At Any Time,£0.00,27
21/04/2020 12:02,-£35.00,Pre-NtO Discount,Lower Chatham Street (Hulme),Hulme,Affixed to vehicle,No Waiting At Any Time,£0.00,1
21/04/2020 12:36,-£35.00,Pre-NtO Discount,Scotland,Cheetham,Affixed to vehicle,Restricted Areas,£0.00,1
21/04/2020 13:21,-£70.00,Post NtO,Wilmslow Road (Rusholme),Rusholme,Affixed to vehicle,Disabled Persons Parking Place,£0.00,40
21/04/2020 13:21,-£35.00,Pre-NtO Discount,Mancunian Way (Piccadilly),Piccadilly,Affixed to vehicle,Restricted Area,£0.00,1
21/04/2020 13:25,-£35.00,Pre-NtO Discount,Mancunian Way (Piccadilly),Piccadilly,Affixed to vehicle,Restricted Area,£0.00,1
21/04/2020 13:40,-£35.00,Pre-NtO Discount,Mancunian Way (Piccadilly),Piccadilly,Affixed to vehicle,Restricted Area,£0.00,1
21/04/2020 13:47,£0.00,Pre-NtO Full Rate,Oldham Street (City Centre),Piccadilly,Affixed to vehicle,No Loading at Any Time,£70.00,2
21/04/2020 13:48,-£35.00,Pre-NtO Discount,Oldham Street (City Centre),Piccadilly,Affixed to vehicle,No Waiting At Any Time,£0.00,1
21/04/2020 13:53,-£70.00,Pre-NtO Full Rate,Stockport Road (Longsight),Longsight,Affixed to vehicle,No Waiting At Any Time,£0.00,1
21/04/2020 14:08,-£35.00,Pre-NtO Discount,Whitworth Street (Piccadilly : ZONEB),Piccadilly,Affixed to vehicle,Restricted Area,£0.00,2
21/04/2020 14:14,-£35.00,Pre-NtO Discount,Grosvenor Street,Ardwick,Affixed to vehicle,GV Loading Bay,£0.00,25
21/04/2020 14:44,-£35.00,Pre-NtO Discount,Oxney Road,Rusholme,Affixed to vehicle,No Waiting At Any Time,£0.00,1
21/04/2020 14:56,£0.00,Pre-NtO Full Rate,Rainforth Street,Longsight,Affixed to vehicle,Taxi Stand,£70.00,45
21/04/2020 17:00,£0.00,Cancelled,Tatton Grove,Withington,Affixed to vehicle,Parking Place,£0.00,12
21/04/2020 17:11,-£35.00,Pre-NtO Discount,Palatine Road (Withington),Withington,Affixed to vehicle,Restricted Area,£0.00,99
21/04/2020 17:19,-£35.00,Pre-NtO Discount,Hyde Road (Gorton & Abbey Hey),Gort & Abb H,Affixed to vehicle,Restricted Area,£0.00,1
22/04/2020 09:06,-£35.00,Pre-NtO Discount,Lord Street,Cheetham,Affixed to vehicle,No Waiting At Any Time,£0.00,1
22/04/2020 09:33,-£70.00,Post NtO,Hallworth Road,Crumpsall,Affixed to vehicle,Restricted Area,£0.00,1
22/04/2020 10:13,£0.00,Post CC,Greenheys Lane,Hulme,Affixed to vehicle,Bus Stand,£105.00,47
22/04/2020 10:29,-£35.00,Pre-NtO Discount,INCHLEY ROAD,Ardwick,Affixed to vehicle,No Loading At Any Time,£0.00,27
22/04/2020 10:34,£0.00,Post CC,Kincardine Road,Ardwick,Affixed to vehicle,No Waiting At Any Time,£105.00,1
22/04/2020 11:22,-£35.00,Pre-NtO Discount,Sidney Street,Hulme,Affixed to vehicle,Disabled Persons Parking Place,£0.00,40
22/04/2020 11:25,-£35.00,Pre-NtO Discount,Moss Lane East (Rusholme),Moss Side,Affixed to vehicle,Restricted Street,£0.00,1
22/04/2020 11:47,-£35.00,Pre-NtO Full Rate,Central Street,Deansgate,Affixed to vehicle,Pay and Display Parking,£0.00,21
22/04/2020 11:50,-£70.00,Post NtO,Lower Ormond Street (City Centre),Deansgate,Affixed to vehicle,No Waiting,£0.00,1
22/04/2020 12:03,-£35.00,Pre-NtO Discount,Lower Ormond Street (Hulme),Hulme,Affixed to vehicle,No Waiting,£0.00,1
22/04/2020 12:11,-£35.00,Pre-NtO Discount,Lower Ormond Street (Hulme),Hulme,Affixed to vehicle,Disabled Bay,£0.00,40
22/04/2020 12:16,-£35.00,Pre-NtO Discount,Copson Street,Old Moat,Affixed to vehicle,Disabled Persons Parking Place,£0.00,40
22/04/2020 12:18,-£35.00,Pre-NtO Discount,Scotland,Cheetham,Affixed to vehicle,Restricted Areas,£0.00,1
22/04/2020 12:37,-£35.00,Pre-NtO Discount,Sidney Street,Hulme,Affixed to vehicle,Disabled Persons Parking Place,£0.00,40
22/04/2020 12:44,-£35.00,Pre-NtO Discount,Fernie Street,Cheetham,Affixed to vehicle,No Waiting At Any Time,£0.00,1
22/04/2020 13:13,£0.00,Cancelled,Brown Street,Deansgate,Affixed to vehicle,GV Loading Bay,£0.00,23
22/04/2020 13:19,-£35.00,Pre-NtO Discount,Water Street (Hulme),Hulme,Affixed to vehicle,No Waiting At Any Time,£0.00,1
22/04/2020 13:20,-£35.00,Pre-NtO Discount,Water Street (Hulme),Hulme,Affixed to vehicle,No Waiting At Any Time,£0.00,1
22/04/2020 13:34,-£35.00,Pre-NtO Discount,New Elm Road,Deansgate,Affixed to vehicle,No Waiting,£0.00,1
22/04/2020 14:11,-£35.00,Pre-NtO Discount,Rusholme Place,Rusholme,Affixed to vehicle,Restricted Area,£0.00,2
22/04/2020 16:19,-£35.00,Pre-NtO Discount,Cable Street,Piccadilly,Affixed to vehicle,Restricted Parking,£0.00,1
22/04/2020 16:47,-£35.00,Pre-NtO Discount,Todd Street,Deansgate,Affixed to vehicle,No Waiting At Any Time,£0.00,1
22/04/2020 17:02,-£35.00,Pre-NtO Discount,Edge Street (City Centre),Piccadilly,Affixed to vehicle,GV Loading Bay,£0.00,23
22/04/2020 17:13,-£35.00,Pre-NtO Discount,Luna Street,Anc & Besw,Affixed to vehicle,No Waiting At Any Time,£0.00,1
23/04/2020 08:48,-£35.00,Pre-NtO Discount,INCHLEY ROAD,Ardwick,Affixed to vehicle,No Waiting At Any Time,£0.00,27
23/04/2020 08:49,£0.00,Post CC,INCHLEY ROAD,Ardwick,Affixed to vehicle,No Waiting At Any Time,£105.00,27
23/04/2020 09:10,-£35.00,Pre-NtO Discount,Cross Street,Deansgate,Affixed to vehicle,GV Loading Bay,£0.00,23
23/04/2020 09:17,-£35.00,Pre-NtO Discount,Wilbraham Road (Chorlton),Chorlton,Affixed to vehicle,Disabled Persons Parking Place,£0.00,40
23/04/2020 09:39,-£35.00,Pre-NtO Discount,Deansgate,Deansgate,Affixed to vehicle,No Waiting At Any Time,£0.00,1
23/04/2020 09:42,-£35.00,Pre-NtO Discount,Deansgate,Deansgate,Affixed to vehicle,No Waiting At Any Time,£0.00,1
23/04/2020 10:09,-£35.00,Pre-NtO Discount,Lord Street,Cheetham,Affixed to vehicle,No Waiting,£0.00,27
23/04/2020 10:09,-£35.00,Pre-NtO Discount,Cateaton Street,Deansgate,Affixed to vehicle,GV Loading Bay,£0.00,23
23/04/2020 10:17,-£35.00,Pre-NtO Discount,Red Bank,Cheetham,Affixed to vehicle,Restricted Area,£0.00,1
23/04/2020 11:43,£0.00,Post CC,Young Street,Deansgate,Affixed to vehicle,No Waiting At Any Time,£105.00,1
23/04/2020 11:43,£0.00,Post CC,Young Street,Deansgate,Affixed to vehicle,No Waiting At Any Time,£105.00,1
23/04/2020 11:46,-£35.00,Pre-NtO Discount,Cheltenham Road,Chorlton,Affixed to vehicle,No Waiting At Any Time,£0.00,1
23/04/2020 11:48,-£105.00,Post CC,Cheltenham Road,Chorlton,Handed To Driver,No Waiting At Any Time,£0.00,1
23/04/2020 11:52,-£70.00,Post NtO,Lower Ormond Street (Hulme),Hulme,Affixed to vehicle,No Waiting,£0.00,26
23/04/2020 12:01,-£35.00,Pre-NtO Discount,Lower Ormond Street (Hulme),Hulme,Affixed to vehicle,No Waiting,£0.00,1
23/04/2020 12:08,-£35.00,Pre-NtO Discount,Chester Road (Hulme),Hulme,Affixed to vehicle,No Waiting At Any Time,£0.00,1
23/04/2020 12:18,£0.00,Post NtO,Lower Ormond Street (Hulme),Hulme,Affixed to vehicle,No Loading at Any Time,£70.00,2
23/04/2020 12:18,-£35.00,Pre-NtO Discount,HIGHER ORMOND STREET,Ardwick,Affixed to vehicle,No Loading At Any Time,£0.00,2
23/04/2020 12:30,-£35.00,Pre-NtO Discount,Chester Road (Hulme),Hulme,Affixed to vehicle,No Waiting At Any Time,£0.00,1
23/04/2020 12:33,-£35.00,Pre-NtO Discount,Higher Chatham Street,Hulme,Affixed to vehicle,No Waiting At Any Time,£0.00,1
23/04/2020 12:33,-£35.00,Pre-NtO Discount,Higher Chatham Street,Hulme,Affixed to vehicle,No Waiting,£0.00,1
23/04/2020 12:36,-£35.00,Pre-NtO Discount,Chester Road (Hulme),Hulme,Affixed to vehicle,No Waiting At Any Time,£0.00,1
23/04/2020 12:37,-£35.00,Pre-NtO Discount,Higher Chatham Street,Hulme,Affixed to vehicle,No Waiting,£0.00,1
23/04/2020 12:53,-£35.00,Pre-NtO Discount,Denmark Road (Hulme),Hulme,Affixed to vehicle,Restricted Area,£0.00,40
23/04/2020 12:54,-£35.00,Pre-NtO Discount,Denmark Road (Hulme),Hulme,Affixed to vehicle,Restricted Area,£0.00,40
23/04/2020 12:59,-£70.00,Post NtO,Scotland,Cheetham,Affixed to vehicle,Restricted Areas,£0.00,1
23/04/2020 13:15,-£70.00,Pre-NtO Full Rate,Booth Street East,Hulme,Affixed to vehicle,No Waiting At Any Time,£0.00,1
23/04/2020 13:15,-£35.00,Pre-NtO Discount,Booth Street East,Hulme,Affixed to vehicle,No Waiting,£0.00,1
23/04/2020 13:17,-£35.00,Pre-NtO Discount,Booth Street East,Hulme,Affixed to vehicle,No Waiting At Any Time,£0.00,1
23/04/2020 13:18,-£35.00,Pre-NtO Discount,Booth Street East,Hulme,Affixed to vehicle,No Waiting,£0.00,1
23/04/2020 13:34,-£35.00,Pre-NtO Discount,New Elm Road,Deansgate,Affixed to vehicle,No Waiting At Any Time,£0.00,1
23/04/2020 13:45,-£35.00,Pre-NtO Discount,Water Street (Hulme),Hulme,Affixed to vehicle,No Waiting At Any Time,£0.00,1
23/04/2020 13:48,-£35.00,Pre-NtO Discount,Water Street (Hulme),Hulme,Affixed to vehicle,No Waiting At Any Time,£0.00,1
23/04/2020 14:37,£0.00,Post CC,Pottery Lane (Longsight),Longsight,Affixed to vehicle,Restricted Area,£105.00,2
23/04/2020 14:47,-£35.00,Pre-NtO Discount,Southgate (City Centre),Deansgate,Affixed to vehicle,GV Loading Bay,£0.00,23
23/04/2020 16:52,-£35.00,Pre-NtO Discount,Todd Street,Deansgate,Affixed to vehicle,No Waiting At Any Time,£0.00,1
23/04/2020 17:23,£0.00,Post CC,High Street (City Centre),Piccadilly,Affixed to vehicle,Disabled Persons Parking Place,£105.00,40
23/04/2020 17:27,-£35.00,Pre-NtO Discount,New Bridge Street,Deansgate,Affixed to vehicle,No Waiting At Any Time,£0.00,1
23/04/2020 17:41,-£35.00,Pre-NtO Discount,Scotland,Cheetham,Affixed to vehicle,Restricted Areas,£0.00,27
23/04/2020 17:45,-£35.00,Pre-NtO Discount,Scotland,Cheetham,Affixed to vehicle,Restricted Areas,£0.00,1
24/04/2020 08:10,£0.00,Post CC,Red Bank,Cheetham,Affixed to vehicle,Restricted Area,£105.00,1
24/04/2020 08:11,-£35.00,Pre-NtO Discount,Lord Street,Cheetham,Affixed to vehicle,Limited Waiting,£0.00,27
24/04/2020 08:21,£0.00,Pre-NtO Full Rate,LINNET CLOSE,Ardwick,Affixed to vehicle,No Waiting,£70.00,1
24/04/2020 08:44,-£35.00,Post NtO,Old Market Street,Harpurhey,Postal - Prevented From Serving,No Waiting,£0.00,1
24/04/2020 08:54,£0.00,Pre-NtO Full Rate,Mayford Road (Levenshulme),Levenshulme,Affixed to vehicle,GV Loading Bay,£70.00,23
24/04/2020 09:14,-£70.00,Pre-NtO Discount,STYLE STREET,Central,Affixed to vehicle,Restricted Area,£0.00,1
24/04/2020 09:20,-£35.00,Pre-NtO Discount,Naples Street,Piccadilly,Affixed to vehicle,Restricted Parking,£0.00,1
24/04/2020 09:27,-£35.00,Pre-NtO Discount,HATTER STREET,Central,Affixed to vehicle,No Waiting At Any Time,£0.00,1
24/04/2020 09:27,-£35.00,Pre-NtO Discount,HATTER STREET,Central,Affixed to vehicle,No Waiting At Any Time,£0.00,1
24/04/2020 09:34,-£35.00,Pre-NtO Discount,Lloyd Street North,Moss Side,Affixed to vehicle,Restricted Area,£0.00,1
24/04/2020 09:42,£0.00,Cancelled,Broom Lane,Levenshulme,Affixed to vehicle,Restricted Area,£0.00,1
24/04/2020 09:43,-£35.00,Pre-NtO Discount,Broom Lane,Levenshulme,Affixed to vehicle,Restricted Area,£0.00,1
24/04/2020 10:01,-£35.00,Pre-NtO Discount,Cromwell Grove,Levenshulme,Affixed to vehicle,No Waiting,£0.00,1
24/04/2020 10:03,£0.00,Cancelled,Cromwell Grove,Levenshulme,Affixed to vehicle,No Waiting,£0.00,1
24/04/2020 10:14,-£35.00,Pre-NtO Discount,Tatton Grove,Withington,Affixed to vehicle,Parking Place,£0.00,12
24/04/2020 10:16,-£70.00,Pre-NtO Full Rate,Church Street,Piccadilly,Affixed to vehicle,GV Loading Bay,£0.00,25
24/04/2020 10:24,-£35.00,Pre-NtO Discount,Stamford Road (Longsight),Longsight,Affixed to vehicle,Disabled Persons Parking Place,£0.00,40
24/04/2020 10:58,-£35.00,Pre-NtO Discount,Marsden Street,Deansgate,Affixed to vehicle,Disabled Persons Parking Place,£0.00,40
24/04/2020 10:59,-£35.00,Pre-NtO Discount,High Street (City Centre),Piccadilly,Affixed to vehicle,GV Loading Bay,£0.00,23
24/04/2020 11:09,-£35.00,Pre-NtO Discount,Stockport Road (Longsight),Longsight,Handed To Driver,No Waiting At Any Time,£0.00,1
24/04/2020 11:20,£0.00,Pre-NtO Full Rate,Spear Street,Piccadilly,Affixed to vehicle,Restricted Area,£70.00,1
24/04/2020 11:28,£0.00,Post CC,Burlington Street,Hulme,Affixed to vehicle,No Waiting At Any Time,£105.00,1
24/04/2020 11:37,-£35.00,Pre-NtO Full Rate,Denmark Road (Hulme),Hulme,Affixed to vehicle,Restricted Area,£0.00,40
24/04/2020 11:49,-£35.00,Pre-NtO Full Rate,Rosamond Street West,Hulme,Affixed to vehicle,Disabled Bay,£0.00,40
24/04/2020 11:49,-£70.00,Post NtO,Rosamond Street West,Hulme,Affixed to vehicle,Disabled Bay,£0.00,40
24/04/2020 11:55,-£35.00,Pre-NtO Discount,Rosamond Street West,Hulme,Affixed to vehicle,No Loading At Any Time,£0.00,2
24/04/2020 12:56,£0.00,Cancelled,Higher Ardwick,Ardwick,Affixed to vehicle,No Waiting,£0.00,1
24/04/2020 13:05,-£35.00,Pre-NtO Discount,Delaunays Road (Crumpsall),Crumpsall,Affixed to vehicle,Restricted Area,£0.00,12
24/04/2020 13:06,-£35.00,Pre-NtO Discount,George Leigh Street,Anc & Besw,Affixed to vehicle,No Waiting,£0.00,1
24/04/2020 13:07,-£70.00,Post NtO,Delaunays Road (Crumpsall),Crumpsall,Affixed to vehicle,Restricted Area,£0.00,1
24/04/2020 13:09,-£35.00,Pre-NtO Discount,Delaunays Road (Crumpsall),Crumpsall,Affixed to vehicle,Restricted Area,£0.00,12
24/04/2020 13:33,-£35.00,Pre-NtO Discount,Albyns Avenue,Cheetham,Affixed to vehicle,No Waiting At Any Time,£0.00,1
24/04/2020 13:37,£0.00,Post CC,Cheetham Hill Road (Cheetham),Cheetham,Affixed to vehicle,No Loading,£105.00,2
24/04/2020 13:50,-£35.00,Pre-NtO Discount,Wembury Street North,Harpurhey,Affixed to vehicle,No Waiting At Any Time,£0.00,1
24/04/2020 13:53,-£70.00,Post NtO,Wembury Street North,Harpurhey,Affixed to vehicle,No Waiting At Any Time,£0.00,1
24/04/2020 16:05,-£35.00,Pre-NtO Discount,Stockport Road (Longsight),Longsight,Affixed to vehicle,No Loading at Any Time,£0.00,2
24/04/2020 16:05,-£35.00,Post NtO,Stockport Road (Longsight),Longsight,Postal-vehicle drive away,No Loading,£0.00,2
24/04/2020 16:07,-£70.00,Pre-NtO Full Rate,Stockport Road (Longsight),Longsight,Affixed to vehicle,No Loading,£0.00,2
24/04/2020 16:40,-£35.00,Pre-NtO Discount,Hathersage Road,Ardwick,Affixed to vehicle,No Waiting,£0.00,1
24/04/2020 16:40,-£35.00,Pre-NtO Discount,Hathersage Road,Ardwick,Affixed to vehicle,No Waiting,£0.00,1
24/04/2020 16:43,-£35.00,Pre-NtO Discount,Hathersage Road,Ardwick,Affixed to vehicle,No Waiting,£0.00,1
24/04/2020 17:18,-£35.00,Pre-NtO Discount,NORTHENDEN PARADE,Northenden,Affixed to vehicle,Disabled Persons Parking Place,£0.00,40
24/04/2020 17:26,-£35.00,Pre-NtO Discount,Mill Lane (Northernden),Northenden,Affixed to vehicle,No Waiting At Any Time,£0.00,1
24/04/2020 17:44,-£35.00,Pre-NtO Discount,Barlow Moor Road (DidsburyWest),DidsburyWest,Affixed to vehicle,School Entrance Marking,£0.00,99
24/04/2020 18:13,£0.00,Cancelled,Tatton Grove,Withington,Affixed to vehicle,Parking Place,£0.00,12
24/04/2020 18:14,-£35.00,Pre-NtO Discount,Tatton Grove,Withington,Affixed to vehicle,Parking Place,£0.00,12
25/04/2020 08:09,-£35.00,Pre-NtO Discount,Red Bank (City Centre),Piccadilly,Affixed to vehicle,Restricted Area,£0.00,1
25/04/2020 08:11,£0.00,Post CC,Red Bank,Cheetham,Affixed to vehicle,Restricted Area,£105.00,1
25/04/2020 08:14,-£35.00,Pre-NtO Discount,Red Bank (City Centre),Piccadilly,Affixed to vehicle,Restricted Area,£0.00,1
25/04/2020 08:16,-£70.00,Post NtO,Red Bank,Cheetham,Affixed to vehicle,Restricted Area,£0.00,1
25/04/2020 08:17,-£35.00,Pre-NtO Discount,Red Bank (City Centre),Piccadilly,Affixed to vehicle,Restricted Area,£0.00,1
25/04/2020 08:19,-£35.00,Pre-NtO Discount,Red Bank (City Centre),Piccadilly,Affixed to vehicle,Restricted Area,£0.00,1
25/04/2020 08:22,-£35.00,Pre-NtO Discount,Pollard Street,Anc & Besw,Affixed to vehicle,No Waiting,£0.00,1
25/04/2020 08:22,-£35.00,Pre-NtO Discount,Portsmouth Street,Hulme,Affixed to vehicle,No Waiting At Any Time,£0.00,1
25/04/2020 08:26,-£35.00,Pre-NtO Discount,Pollard Street,Anc & Besw,Affixed to vehicle,No Waiting,£0.00,1
25/04/2020 08:36,-£70.00,Pre-NtO Full Rate,Old Mill Street,Anc & Besw,Affixed to vehicle,Restricted Area,£0.00,40
25/04/2020 08:40,-£35.00,Post NtO,Old Market Street,Harpurhey,Postal - Prevented From Serving,No Waiting,£0.00,1
25/04/2020 08:50,-£35.00,Post NtO,Old Market Street,Harpurhey,Postal - Prevented From Serving,No Waiting,£0.00,1
25/04/2020 08:57,£0.00,Post CC,Oldham Road (Anc&Bes),Anc & Besw,Affixed to vehicle,Restricted Area,£105.00,1
25/04/2020 09:09,-£35.00,Pre-NtO Discount,Grafton Street (Hulme),Hulme,Handed To Driver,Disabled Persons Parking Place,£0.00,40
25/04/2020 10:00,-£35.00,Pre-NtO Discount,Henry Street,Anc & Besw,Affixed to vehicle,No Waiting,£0.00,1
25/04/2020 10:50,-£35.00,Pre-NtO Discount,Red Bank,Cheetham,Affixed to vehicle,Restricted Area,£0.00,1
25/04/2020 11:45,-£35.00,Pre-NtO Discount,Birchin Lane,Piccadilly,Affixed to vehicle,No Waiting At Any Time,£0.00,1
25/04/2020 12:09,-£35.00,Pre-NtO Discount,Hulme High Street,Hulme,Affixed to vehicle,Restricted Area,£0.00,23
25/04/2020 12:13,£0.00,Post CC,Thomas Street (Cheetham),Cheetham,Affixed to vehicle,Restricted Area,£105.00,23
25/04/2020 12:13,-£35.00,Pre-NtO Discount,Hulme High Street,Hulme,Affixed to vehicle,Restricted Area,£0.00,40
25/04/2020 12:46,-£35.00,Pre-NtO Discount,Munday Street,Anc & Besw,Affixed to vehicle,Restricted Area,£0.00,2
25/04/2020 13:30,-£35.00,Post NtO,Dagenham Road,Rusholme,Postal-vehicle drive away,No Waiting At Any Time,£0.00,1
25/04/2020 15:03,£0.00,Post CC,Union Street (Ardwick),Ardwick,Handed To Driver,No Waiting At Any Time,£105.00,1
25/04/2020 15:09,£0.00,Post CC,Stenner Lane (DidsburyEast),DidsburyEast,Affixed to vehicle,No Waiting At Any Time,£105.00,1
25/04/2020 15:13,-£35.00,Pre-NtO Discount,Stenner Lane (DidsburyEast),DidsburyEast,Affixed to vehicle,No Waiting At Any Time,£0.00,1
25/04/2020 15:17,-£35.00,Pre-NtO Discount,Stenner Lane (DidsburyEast),DidsburyEast,Affixed to vehicle,No Waiting At Any Time,£0.00,1
25/04/2020 15:19,-£70.00,Pre-NtO Full Rate,Stenner Lane (DidsburyEast),DidsburyEast,Affixed to vehicle,No Waiting At Any Time,£0.00,1
25/04/2020 16:23,£0.00,Pre-NtO Full Rate,Rayburn Way,Cheetham,Affixed to vehicle,Restricted Area,£70.00,1
25/04/2020 16:48,£0.00,Cancelled,Broughton Lane,Cheetham,Affixed to vehicle,No Waiting At Any Time,£0.00,1
26/04/2020 08:46,-£70.00,Pre-NtO Full Rate,Brookfield Road,Crumpsall,Affixed to vehicle,No Waiting At Any Time,£0.00,1
26/04/2020 08:46,-£35.00,Pre-NtO Discount,Brookfield Road,Crumpsall,Affixed to vehicle,No Waiting At Any Time,£0.00,1
26/04/2020 09:27,£0.00,Post CC,Water Street,Harpurhey,Affixed to vehicle,Restricted Area,£105.00,1
26/04/2020 09:27,-£35.00,Pre-NtO Discount,Water Street (City Centre),Deansgate,Affixed to vehicle,No Waiting At Any Time,£0.00,1
26/04/2020 09:30,£0.00,Cancelled,Water Street,Harpurhey,Affixed to vehicle,Restricted Area,£0.00,1
26/04/2020 13:02,-£35.00,Pre-NtO Full Rate,Evesham Avenue (Baguley),Baguley,Affixed to vehicle,No Waiting At Any Time,£0.00,1
26/04/2020 13:06,-£35.00,Pre-NtO Full Rate,Evesham Avenue (Baguley),Baguley,Affixed to vehicle,No Waiting At Any Time,£0.00,1
26/04/2020 13:39,£0.00,Post CC,Rusholme Place,Rusholme,Affixed to vehicle,Restricted Area,£105.00,2
26/04/2020 16:24,-£35.00,Pre-NtO Discount,Mitre Road,Longsight,Affixed to vehicle,No Waiting At Any Time,£0.00,1
26/04/2020 16:28,-£35.00,Pre-NtO Discount,Mitre Road,Longsight,Affixed to vehicle,No Loading at Any Time,£0.00,2
26/04/2020 16:30,-£35.00,Pre-NtO Discount,Pandora Street,DidsburyWest,Affixed to vehicle,No Waiting At Any Time,£0.00,1
26/04/2020 17:26,-£105.00,Post CC,Cheetham Hill Road,Cheetham,Postal-vehicle drive away,Restricted Area,£0.00,2
26/04/2020 17:30,-£35.00,Pre-NtO Discount,Albyns Avenue,Cheetham,Affixed to vehicle,No Waiting At Any Time,£0.00,1
26/04/2020 17:38,£0.00,Post CC,Halliwell Lane,Cheetham,Affixed to vehicle,No Waiting At Any Time,£105.00,27
27/04/2020 08:28,£0.00,Pre-NtO Full Rate,Spear Street (City Centre),Piccadilly,Affixed to vehicle,No Waiting At Any Time,£70.00,1
27/04/2020 08:58,-£70.00,Pre-NtO Full Rate,Crown Lane,Piccadilly,Affixed to vehicle,Restricted Area,£0.00,1
27/04/2020 09:05,-£35.00,Pre-NtO Discount,Lord Street,Cheetham,Affixed to vehicle,No Waiting,£0.00,1
27/04/2020 09:15,-£35.00,Pre-NtO Discount,Cheetham Hill Road,Cheetham,Affixed to vehicle,Restricted Area,£0.00,2
27/04/2020 09:17,£0.00,Post CC,Cheetham Hill Road (Cheetham),Cheetham,Affixed to vehicle,No Loading,£105.00,2
27/04/2020 09:21,-£35.00,Pre-NtO Full Rate,Cheetham Hill Road,Cheetham,Affixed to vehicle,Restricted Area,£0.00,2
27/04/2020 09:33,£0.00,Cancelled,Stocks Street,Cheetham,Affixed to vehicle,No Waiting At Any Time,£0.00,1
27/04/2020 09:35,£0.00,Post CC,Stocks Street,Cheetham,Affixed to vehicle,No Waiting At Any Time,£105.00,1
27/04/2020 09:41,-£35.00,Pre-NtO Discount,Stocks Street,Cheetham,Affixed to vehicle,No Waiting At Any Time,£0.00,1
27/04/2020 09:43,-£35.00,Pre-NtO Discount,Stocks Street,Cheetham,Affixed to vehicle,No Waiting At Any Time,£0.00,1
27/04/2020 09:45,£0.00,Pre-NtO Full Rate,Stocks Street,Cheetham,Affixed to vehicle,No Waiting At Any Time,£70.00,1
27/04/2020 09:46,£0.00,Post CC,Stocks Street,Cheetham,Affixed to vehicle,No Waiting At Any Time,£105.00,1
27/04/2020 12:04,-£35.00,Pre-NtO Discount,Cleveland Road,Crumpsall,Affixed to vehicle,Restricted Area,£0.00,1
27/04/2020 12:16,-£35.00,Pre-NtO Discount,Higher Chatham Street,Hulme,Affixed to vehicle,No Waiting At Any Time,£0.00,1
27/04/2020 12:21,-£35.00,Pre-NtO Discount,Lower Chatham Street (City Centre),Deansgate,Affixed to vehicle,No Waiting At Any Time,£0.00,1
27/04/2020 12:21,-£35.00,Pre-NtO Discount,Lower Chatham Street (City Centre),Deansgate,Affixed to vehicle,No Waiting At Any Time,£0.00,1
27/04/2020 12:28,£0.00,Post CC,Moss Bank,Crumpsall,Affixed to vehicle,Restricted Area,£105.00,1
27/04/2020 12:34,-£35.00,Pre-NtO Discount,Evesham Avenue (Baguley),Baguley,Affixed to vehicle,No Waiting At Any Time,£0.00,1
27/04/2020 13:04,-£70.00,Pre-NtO Discount,Sharp Street,Piccadilly,Affixed to vehicle,Restricted Area,£0.00,1
27/04/2020 13:09,-£35.00,Pre-NtO Discount,Sharp Street,Piccadilly,Affixed to vehicle,Restricted Area,£0.00,1
27/04/2020 13:10,-£35.00,Pre-NtO Discount,Sharp Street,Piccadilly,Affixed to vehicle,Restricted Area,£0.00,1
27/04/2020 13:37,-£35.00,Pre-NtO Discount,Marshall Street,Piccadilly,Affixed to vehicle,No Waiting,£0.00,1
27/04/2020 16:18,-£35.00,Pre-NtO Discount,Cheetham Hill Road,Cheetham,Affixed to vehicle,Restricted Area,£0.00,1
27/04/2020 16:22,-£35.00,Pre-NtO Discount,Cheetham Hill Road,Cheetham,Affixed to vehicle,Restricted Area,£0.00,1
27/04/2020 16:24,-£35.00,Pre-NtO Discount,Albyns Avenue,Cheetham,Affixed to vehicle,No Waiting At Any Time,£0.00,1
27/04/2020 16:39,-£35.00,Pre-NtO Discount,Cheetham Hill Road,Cheetham,Affixed to vehicle,Restricted Area,£0.00,23
27/04/2020 17:21,-£35.00,Pre-NtO Discount,Park Crescent,Rusholme,Affixed to vehicle,Disabled Persons Parking Place,£0.00,40
27/04/2020 17:55,£0.00,Post CC,Stockport Road (Longsight),Longsight,Affixed to vehicle,GV Loading Bay,£105.00,23
27/04/2020 17:59,-£35.00,Pre-NtO Discount,Stockport Road (Longsight),Longsight,Affixed to vehicle,GV Loading Bay,£0.00,23
27/04/2020 18:03,-£35.00,Post NtO,Stockport Road (Longsight),Longsight,Postal-vehicle drive away,No Loading at Any Time,£0.00,2
27/04/2020 18:04,-£35.00,Pre-NtO Discount,Stockport Road (Longsight),Longsight,Affixed to vehicle,No Loading at Any Time,£0.00,2
27/04/2020 18:06,£0.00,Post CC,Stockport Road (Longsight),Longsight,Affixed to vehicle,No Loading at Any Time,£105.00,2
27/04/2020 18:26,-£35.00,Pre-NtO Discount,Thurloe Street,Rusholme,Affixed to vehicle,No Waiting At Any Time,£0.00,1
28/04/2020 09:00,£0.00,Post CC,Albany Road,Chorlton,Affixed to vehicle,No Waiting,£105.00,1
28/04/2020 09:12,£0.00,Cancelled,Tatton Grove,Withington,Affixed to vehicle,Parking Place,£0.00,12
28/04/2020 10:33,-£35.00,Pre-NtO Discount,Cundiff Road,ChorltonPark,Affixed to vehicle,Restriced Area,£0.00,1
28/04/2020 11:20,£0.00,Post CC,Red Bank,Cheetham,Affixed to vehicle,Restricted Area,£105.00,1
28/04/2020 11:47,£0.00,Post CC,BOUNDARY STREET WEST,Hulme,Affixed to vehicle,No Loading At Any Time,£105.00,2
28/04/2020 11:54,-£35.00,Pre-NtO Discount,Higher Chatham Street,Hulme,Affixed to vehicle,No Waiting At Any Time,£0.00,1
28/04/2020 12:14,-£35.00,Pre-NtO Discount,Albyns Avenue,Cheetham,Affixed to vehicle,No Waiting At Any Time,£0.00,1
28/04/2020 12:19,-£35.00,Pre-NtO Discount,Sidney Street,Hulme,Affixed to vehicle,Gv Loading Bay,£0.00,23
28/04/2020 12:20,-£35.00,Pre-NtO Discount,Sidney Street,Hulme,Affixed to vehicle,Disabled Persons Parking Place,£0.00,40
28/04/2020 12:24,-£35.00,Pre-NtO Discount,Sidney Street,Hulme,Affixed to vehicle,No Waiting At Any Time,£0.00,1
28/04/2020 13:44,-£35.00,Pre-NtO Discount,Kincardine Road,Ardwick,Affixed to vehicle,No Waiting At Any Time,£0.00,1
28/04/2020 13:45,-£35.00,Pre-NtO Discount,Greek Street,Ardwick,Affixed to vehicle,Restricted Area,£0.00,1
28/04/2020 13:45,-£35.00,Pre-NtO Discount,Barlow Moor Road (Chorlton),Chorlton,Affixed to vehicle,No Waiting At Any Time,£0.00,1
28/04/2020 13:45,-£35.00,Pre-NtO Discount,Greek Street,Ardwick,Affixed to vehicle,Restricted Area,£0.00,1
28/04/2020 13:58,-£35.00,Pre-NtO Discount,Grosvenor Street,Ardwick,Affixed to vehicle,GV Loading Bay,£0.00,23
28/04/2020 14:01,-£35.00,Pre-NtO Full Rate,Grosvenor Street,Ardwick,Affixed to vehicle,GV Loading Bay,£0.00,23
28/04/2020 14:28,£0.00,Post CC,Sidney Street,Hulme,Affixed to vehicle,Gv Loading Bay,£105.00,23
28/04/2020 14:31,-£35.00,Pre-NtO Discount,Sidney Street,Hulme,Affixed to vehicle,Gv Loading Bay,£0.00,23
28/04/2020 14:36,-£35.00,Pre-NtO Discount,Sidney Street,Hulme,Affixed to vehicle,Disabled Persons Parking Place,£0.00,40
28/04/2020 14:56,£0.00,Post CC,Albyns Avenue,Cheetham,Postal-vehicle drive away,No Waiting At Any Time,£105.00,1
28/04/2020 16:24,-£35.00,Pre-NtO Discount,Rosamond Street West,Hulme,Affixed to vehicle,Gv Loading Bay,£0.00,23
28/04/2020 16:38,£0.00,Post CC,Oxford Road (Ardwick),Ardwick,Affixed to vehicle,Bus stop clearway,£105.00,47
28/04/2020 17:11,-£35.00,Pre-NtO Discount,Park Crescent,Rusholme,Affixed to vehicle,Disabled Persons Parking Place,£0.00,40
28/04/2020 17:24,£0.00,Cancelled,Wilmslow Road (Rusholme),Rusholme,Postal-vehicle drive away,No Loading at Any Time,£0.00,2
28/04/2020 17:35,£0.00,Post NtO,Park Crescent,Rusholme,Affixed to vehicle,No Waiting At Any Time,£70.00,26
28/04/2020 18:00,-£70.00,Post NtO,Stockport Road (Longsight),Longsight,Affixed to vehicle,No Loading at Any Time,£0.00,2
28/04/2020 18:07,-£35.00,Pre-NtO Discount,Stockport Road (Longsight),Longsight,Affixed to vehicle,No Loading at Any Time,£0.00,2
28/04/2020 18:17,£0.00,Post CC,Devonshire Street North,Ardwick,Affixed to vehicle,No Waiting At Any Time,£105.00,1
29/04/2020 08:19,-£35.00,Pre-NtO Discount,Beattock Close,Hulme,Affixed to vehicle,Restricted Area,£0.00,1
29/04/2020 08:27,-£35.00,Pre-NtO Discount,Water Street (Hulme),Hulme,Affixed to vehicle,No Waiting At Any Time,£0.00,1
29/04/2020 08:43,-£35.00,Pre-NtO Discount,Cheltenham Road,Chorlton,Affixed to vehicle,No Waiting At Any Time,£0.00,1
29/04/2020 09:26,-£35.00,Pre-NtO Discount,Pollard Street,Anc & Besw,Affixed to vehicle,No Waiting,£0.00,1
29/04/2020 09:29,-£35.00,Pre-NtO Discount,Pollard Street,Anc & Besw,Affixed to vehicle,No Waiting,£0.00,1
29/04/2020 09:40,£0.00,Pre-NtO Full Rate,Spear Street (City Centre),Piccadilly,Affixed to vehicle,No Waiting At Any Time,£70.00,1
29/04/2020 10:15,-£35.00,Pre-NtO Discount,Silk Street (Anc&Bes),Anc & Besw,Affixed to vehicle,Restricted Area,£0.00,1
29/04/2020 11:40,-£35.00,Pre-NtO Discount,Stockland Close,Ardwick,Affixed to vehicle,No Waiting At Any Time,£0.00,1
29/04/2020 11:46,-£70.00,Post NtO,Rosamond Street West,Hulme,Affixed to vehicle,Gv Loading Bay,£0.00,23
29/04/2020 11:48,-£70.00,Post NtO,Hathersage Road,Ardwick,Affixed to vehicle,No Waiting,£0.00,1
29/04/2020 11:53,£0.00,Post CC,Kincardine Road,Ardwick,Affixed to vehicle,No Waiting At Any Time,£105.00,1
29/04/2020 12:12,-£35.00,Pre-NtO Discount,Booth Street East,Hulme,Affixed to vehicle,No Waiting At Any Time,£0.00,1
29/04/2020 12:20,-£35.00,Pre-NtO Discount,Tatton Grove,Withington,Affixed to vehicle,Parking Place,£0.00,12
29/04/2020 12:27,-£35.00,Pre-NtO Discount,Lower Ormond Street (Hulme),Hulme,Affixed to vehicle,Disabled Bay,£0.00,40
29/04/2020 12:31,-£35.00,Pre-NtO Discount,Lower Ormond Street (Hulme),Hulme,Affixed to vehicle,Disabled Bay,£0.00,40
29/04/2020 12:31,-£35.00,Pre-NtO Discount,Circular Road,DidsburyWest,Affixed to vehicle,No Waiting At Any Time,£0.00,1
29/04/2020 12:35,-£35.00,Pre-NtO Discount,Circular Road,DidsburyWest,Affixed to vehicle,No Waiting,£0.00,1
29/04/2020 12:59,-£35.00,Pre-NtO Discount,Rosamond Street West,Hulme,Affixed to vehicle,Gv Loading Bay,£0.00,23
29/04/2020 13:48,£0.00,Post NtO,CHEETWOOD STREET,Cheetham,Affixed to vehicle,No Waiting At Any Time,£70.00,1
29/04/2020 15:55,-£35.00,Pre-NtO Discount,Grosvenor Street (Hulme),Hulme,Affixed to vehicle,Restricted Area,£0.00,23
29/04/2020 16:07,£0.00,Pre-NtO Full Rate,Oxford Road (Ardwick),Ardwick,Postal-vehicle drive away,No Waiting,£0.00,26
29/04/2020 16:57,-£35.00,Pre-NtO Discount,Stockport Road (Longsight),Longsight,Affixed to vehicle,No Loading at Any Time,£0.00,2
29/04/2020 17:02,£0.00,Post CC,Stockport Road (Longsight),Longsight,Affixed to vehicle,No Loading at Any Time,£105.00,2
29/04/2020 17:04,-£35.00,Post NtO,Stockport Road (Longsight),Longsight,Postal-vehicle drive away,No Loading,£0.00,2
29/04/2020 17:13,-£35.00,Pre-NtO Discount,Mauldeth Road (Burnage),Burnage,Affixed to vehicle,Disabled Persons Parking Place,£0.00,40
29/04/2020 17:53,-£35.00,Pre-NtO Discount,NORTHENDEN PARADE,Northenden,Affixed to vehicle,Disabled Persons Parking Place,£0.00,40
29/04/2020 17:56,-£35.00,Pre-NtO Discount,Dickenson Road,Longsight,Affixed to vehicle,Restricted Area,£0.00,1
29/04/2020 18:08,-£35.00,Pre-NtO Discount,Wilmslow Road (Fallowfield),Fallowfield,Affixed to vehicle,No Waiting At Any Time,£0.00,1
29/04/2020 18:09,-£35.00,Pre-NtO Discount,Well Street,Piccadilly,Affixed to vehicle,Taxi Clearway,£0.00,45
30/04/2020 08:38,£0.00,Post CC,NEW UNION STREET,Central,Affixed to vehicle,Restricted Area,£105.00,1
30/04/2020 08:57,-£35.00,Pre-NtO Discount,Houldsworth Street (City Centre),Piccadilly,Affixed to vehicle,No Waiting,£0.00,1
30/04/2020 09:04,-£35.00,Pre-NtO Discount,Chester Road (Hulme),Hulme,Affixed to vehicle,No Waiting At Any Time,£0.00,1
30/04/2020 09:05,-£35.00,Pre-NtO Discount,Chester Road (Hulme),Hulme,Affixed to vehicle,No Waiting At Any Time,£0.00,1
30/04/2020 09:07,-£35.00,Pre-NtO Discount,Chester Road (Hulme),Hulme,Affixed to vehicle,No Waiting At Any Time,£0.00,1
30/04/2020 09:07,-£35.00,Pre-NtO Discount,Chester Road (Hulme),Hulme,Affixed to vehicle,No Waiting At Any Time,£0.00,1
30/04/2020 09:09,-£35.00,Pre-NtO Discount,Chester Road (Hulme),Hulme,Affixed to vehicle,No Waiting At Any Time,£0.00,1
30/04/2020 09:09,-£105.00,Post CC,Chester Road (Hulme),Hulme,Affixed to vehicle,No Waiting At Any Time,£0.00,1
30/04/2020 09:11,-£35.00,Pre-NtO Discount,Chester Road (Hulme),Hulme,Affixed to vehicle,No Waiting At Any Time,£0.00,1
30/04/2020 09:11,-£35.00,Post NtO,Chequers Road,Chorlton,Affixed to vehicle,No Waiting,£0.00,1
30/04/2020 09:16,-£70.00,Post NtO,Tib Street (City Centre),Piccadilly,Affixed to vehicle,No Loading at Any Time,£0.00,2
30/04/2020 09:26,-£35.00,Pre-NtO Discount,Joiner Street,Piccadilly,Affixed to vehicle,No Waiting At Any Time,£0.00,1
30/04/2020 09:32,-£35.00,Pre-NtO Discount,Warwick Avenue,DidsburyWest,Affixed to vehicle,Restricted Area,£0.00,1
30/04/2020 09:44,-£35.00,Pre-NtO Discount,Cheltenham Road,Chorlton,Affixed to vehicle,No Waiting At Any Time,£0.00,1
30/04/2020 10:02,-£35.00,Pre-NtO Discount,Old Oak Street (DidsburyEast),DidsburyEast,Affixed to vehicle,No Waiting,£0.00,1
30/04/2020 10:05,-£35.00,Pre-NtO Discount,Oldham Street (City Centre),Piccadilly,Affixed to vehicle,No Waiting,£0.00,1
30/04/2020 10:05,-£35.00,Pre-NtO Discount,Oldham Street (City Centre),Piccadilly,Affixed to vehicle,No Waiting,£0.00,1
30/04/2020 10:15,£0.00,Post CC,Oldham Street (City Centre),Piccadilly,Affixed to vehicle,No Waiting,£105.00,1
30/04/2020 10:15,-£35.00,Pre-NtO Discount,Oldham Street (City Centre),Piccadilly,Affixed to vehicle,No Waiting,£0.00,1
30/04/2020 10:36,-£35.00,Pre-NtO Discount,Southgate (City Centre),Deansgate,Affixed to vehicle,GV Loading Bay,£0.00,23
30/04/2020 10:53,£0.00,Pre-NtO Full Rate,Old Mill Street (City Centre),Piccadilly,Affixed to vehicle,Restricted Area,£70.00,26
30/04/2020 10:54,-£35.00,Pre-NtO Discount,Old Mill Street,Anc & Besw,Affixed to vehicle,Restricted Area,£0.00,26
30/04/2020 10:56,£0.00,Cancelled,Old Mill Street (City Centre),Piccadilly,Affixed to vehicle,Restricted Area,£0.00,26
30/04/2020 10:56,-£35.00,Pre-NtO Discount,Old Mill Street,Anc & Besw,Affixed to vehicle,Restricted Area,£0.00,26
30/04/2020 10:59,-£35.00,Pre-NtO Discount,Old Mill Street,Anc & Besw,Affixed to vehicle,Restricted Area,£0.00,26
30/04/2020 10:59,-£35.00,Pre-NtO Discount,Old Mill Street (City Centre),Piccadilly,Affixed to vehicle,Restricted Area,£0.00,26
30/04/2020 11:03,-£70.00,Pre-NtO Discount,Old Mill Street,Anc & Besw,Affixed to vehicle,Restricted Area,£0.00,26
30/04/2020 11:03,£0.00,Cancelled,Old Mill Street (City Centre),Piccadilly,Affixed to vehicle,Restricted Area,£0.00,26
30/04/2020 11:05,-£35.00,Pre-NtO Discount,Rink Street,Withington,Affixed to vehicle,No Waiting At Any Time,£0.00,1
30/04/2020 11:22,-£35.00,Pre-NtO Discount,Pollard Street,Anc & Besw,Affixed to vehicle,No Waiting,£0.00,1
30/04/2020 11:23,-£35.00,Pre-NtO Discount,BACK GEORGE STREET,Eastern Lap,Affixed to vehicle,No Waiting At Any Time,£0.00,1
30/04/2020 11:38,-£35.00,Pre-NtO Discount,Kennedy Street,Deansgate,Affixed to vehicle,GV Loading Bay,£0.00,23
30/04/2020 11:38,£0.00,Pre-NtO Full Rate,Mayford Road (Levenshulme),Levenshulme,Affixed to vehicle,GV Loading Bay,£70.00,25
30/04/2020 11:53,-£35.00,Pre-NtO Discount,Goulden Street,Piccadilly,Affixed to vehicle,Restricted Parking,£0.00,1
30/04/2020 11:55,-£35.00,Pre-NtO Discount,INCHLEY ROAD,Ardwick,Affixed to vehicle,No Waiting At Any Time,£0.00,27
30/04/2020 12:07,£0.00,Post CC,King Street,Deansgate,Affixed to vehicle,GV Loading Bay,£105.00,25
30/04/2020 12:08,-£35.00,Pre-NtO Discount,Lower Chatham Street (Hulme),Hulme,Affixed to vehicle,No Waiting At Any Time,£0.00,1
30/04/2020 12:13,-£35.00,Pre-NtO Discount,Scotland,Cheetham,Affixed to vehicle,Restricted Areas,£0.00,1
30/04/2020 12:27,-£35.00,Pre-NtO Discount,Booth Street East,Hulme,Affixed to vehicle,No Waiting,£0.00,1
30/04/2020 12:34,-£35.00,Pre-NtO Discount,Booth Street East,Hulme,Affixed to vehicle,No Waiting,£0.00,1
30/04/2020 12:35,-£35.00,Pre-NtO Discount,Booth Street East,Hulme,Affixed to vehicle,No Waiting At Any Time,£0.00,1
30/04/2020 12:39,£0.00,Post CC,Cateaton Street,Deansgate,Affixed to vehicle,No Waiting At Any Time,£105.00,1
30/04/2020 12:47,-£35.00,Pre-NtO Discount,St James Street,Deansgate,Affixed to vehicle,No Waiting At Any Time,£0.00,1
30/04/2020 12:48,-£70.00,Post NtO,Cheetham Hill Road,Cheetham,Postal-vehicle drive away,Restricted Area,£0.00,99
30/04/2020 12:49,-£35.00,Pre-NtO Discount,Cateaton Street,Deansgate,Affixed to vehicle,GV Loading Bay,£0.00,23
30/04/2020 12:53,£0.00,Post NtO,Cheetham Hill Road,Cheetham,Postal-vehicle drive away,Restricted Area,£35.00,47
30/04/2020 13:01,-£35.00,Pre-NtO Discount,Albyns Avenue,Cheetham,Affixed to vehicle,No Waiting At Any Time,£0.00,1
30/04/2020 13:04,-£35.00,Post NtO,Cheetham Hill Road,Cheetham,Postal-vehicle drive away,Restricted Area,£0.00,23
30/04/2020 13:06,-£70.00,Post NtO,Chorlton Street,Piccadilly,Affixed to vehicle,Disabled Persons Parking Place,£0.00,40
30/04/2020 13:06,-£35.00,Pre-NtO Discount,Cheetham Hill Road,Cheetham,Affixed to vehicle,Restricted Area,£0.00,23
30/04/2020 13:12,-£35.00,Pre-NtO Discount,Burlington Street,Hulme,Affixed to vehicle,No Waiting,£0.00,1
30/04/2020 13:14,-£35.00,Pre-NtO Discount,Cheetham Hill Road,Cheetham,Affixed to vehicle,Restricted Area,£0.00,23
30/04/2020 13:21,-£35.00,Post NtO,Cheetham Hill Road,Cheetham,Postal-vehicle drive away,Restricted Area,£0.00,26
30/04/2020 13:27,-£70.00,Post NtO,Cheetham Hill Road,Cheetham,Affixed to vehicle,Restricted Area,£0.00,23
30/04/2020 13:28,£0.00,Cancelled,Cheetham Hill Road,Cheetham,Postal-vehicle drive away,Restricted Area,£0.00,26
30/04/2020 13:32,-£35.00,Pre-NtO Discount,Albyns Avenue,Cheetham,Affixed to vehicle,No Waiting At Any Time,£0.00,1
30/04/2020 14:31,-£70.00,Pre-NtO Full Rate,Hulme Hall Road,Hulme,Affixed to vehicle,No Waiting At Any Time,£0.00,1
30/04/2020 14:43,-£35.00,Pre-NtO Discount,Ellesmere Road,Chorlton,Affixed to vehicle,No Waiting At Any Time,£0.00,1
30/04/2020 14:55,-£105.00,Post CC,Water Street (Hulme),Hulme,Affixed to vehicle,No Waiting At Any Time,£0.00,1
30/04/2020 16:00,-£35.00,Pre-NtO Discount,Mulberry Street,Deansgate,Affixed to vehicle,No Waiting At Any Time,£0.00,1
30/04/2020 16:04,-£35.00,Pre-NtO Discount,Mulberry Street,Deansgate,Affixed to vehicle,No Waiting At Any Time,£0.00,1
30/04/2020 16:12,-£35.00,Pre-NtO Discount,Mulberry Street,Deansgate,Affixed to vehicle,No Waiting At Any Time,£0.00,1
30/04/2020 16:14,-£35.00,Pre-NtO Discount,Pollard Street,Anc & Besw,Affixed to vehicle,No Waiting,£0.00,1
30/04/2020 16:30,-£70.00,Pre-NtO Discount,Henry Street,Anc & Besw,Affixed to vehicle,No Waiting At Any Time,£0.00,1
30/04/2020 16:43,-£70.00,Post NtO,Marble Street,Deansgate,Affixed to vehicle,No Loading at Any Time,£0.00,2
30/04/2020 16:47,-£35.00,Pre-NtO Discount,Cable Street,Piccadilly,Affixed to vehicle,Restricted Parking,£0.00,1
30/04/2020 16:50,-£35.00,Pre-NtO Full Rate,Brown Street,Deansgate,Affixed to vehicle,Disabled Persons Parking Place,£0.00,40
30/04/2020 17:01,-£35.00,Pre-NtO Full Rate,Rainforth Street,Longsight,Affixed to vehicle,Taxi Stand,£0.00,45
30/04/2020 17:11,-£35.00,Pre-NtO Discount,Stockport Road (Longsight),Longsight,Handed To Driver,No Loading,£0.00,2
30/04/2020 17:16,-£35.00,Pre-NtO Discount,Stockport Road (Longsight),Longsight,Affixed to vehicle,No Loading,£0.00,2
30/04/2020 17:16,-£35.00,Pre-NtO Discount,Stockport Road (Longsight),Longsight,Affixed to vehicle,No Loading,£0.00,2
30/04/2020 17:18,-£35.00,Pre-NtO Discount,Stockport Road (Longsight),Longsight,Affixed to vehicle,No Loading,£0.00,2
30/04/2020 17:20,-£35.00,Pre-NtO Full Rate,Stockport Road (Longsight),Longsight,Affixed to vehicle,No Loading,£0.00,2
30/04/2020 17:21,-£35.00,Pre-NtO Discount,Stockport Road (Longsight),Longsight,Affixed to vehicle,No Loading,£0.00,2
30/04/2020 17:51,-£35.00,Pre-NtO Discount,Stockport Road (Longsight),Longsight,Affixed to vehicle,No Loading,£0.00,2
,,,,,,,,
